name,abbrev,cid,solvent,pubchem_url
3-methylthiopropanol,3mtp,10448,pfo,https://pubchem.ncbi.nlm.nih.gov/compound/10448
pentanoic acid,va,7991,water,https://pubchem.ncbi.nlm.nih.gov/compound/7991
trans-2-hexenal,t2h,5281168,pfo,https://pubchem.ncbi.nlm.nih.gov/compound/5281168
methyl salicylate,ms,4133,pfo,https://pubchem.ncbi.nlm.nih.gov/compound/4133
alpha-terpineol,a-terp,17100,pfo,https://pubchem.ncbi.nlm.nih.gov/compound/17100
geosmin,geos,1213,pfo,https://pubchem.ncbi.nlm.nih.gov/compound/1213
ethyl 3-hydroxybutyrate,e3hb,62572,pfo,https://pubchem.ncbi.nlm.nih.gov/compound/62572
methyl hexanoate,mhex,7824,pfo,https://pubchem.ncbi.nlm.nih.gov/compound/7824
methyl acetate,ma,6584,pfo,https://pubchem.ncbi.nlm.nih.gov/compound/6584
ethyl acetate,ea,8857,pfo,https://pubchem.ncbi.nlm.nih.gov/compound/8857
2-heptanone,2h,8051,pfo,https://pubchem.ncbi.nlm.nih.gov/compound/8051
geranyl acetate,ga,1549026,pfo,https://pubchem.ncbi.nlm.nih.gov/compound/1549026
(1S)-(+)-carene,carene,443156,pfo,https://pubchem.ncbi.nlm.nih.gov/compound/443156
farnesol,farn,445070,pfo,https://pubchem.ncbi.nlm.nih.gov/compound/445070
4-heptanol,4h-ol,11513,pfo,https://pubchem.ncbi.nlm.nih.gov/compound/11513
2-butanone,2-but,6569,pfo,https://pubchem.ncbi.nlm.nih.gov/compound/6569
"2,3-butanedione","2,3-b",650,pfo,https://pubchem.ncbi.nlm.nih.gov/compound/650
p-cresol,p-cre,2879,pfo,https://pubchem.ncbi.nlm.nih.gov/compound/2879
acetophenone,aphe,7410,pfo,https://pubchem.ncbi.nlm.nih.gov/compound/7410
ethyl lactate,elac,7344,pfo,https://pubchem.ncbi.nlm.nih.gov/compound/7344
1-hexanol,1-6ol,8103,pfo,https://pubchem.ncbi.nlm.nih.gov/compound/8103
phenylacetaldehyde,PAA,998,pfo,https://pubchem.ncbi.nlm.nih.gov/compound/998
fenchone,fench,82229,pfo,https://pubchem.ncbi.nlm.nih.gov/compound/82229
1-pentanol,1-5ol,6276,pfo,https://pubchem.ncbi.nlm.nih.gov/compound/6276
1-octanol,1-8ol,957,pfo,https://pubchem.ncbi.nlm.nih.gov/compound/957
hexanal,6al,6184,pfo,https://pubchem.ncbi.nlm.nih.gov/compound/6184
b-citronellol,B-cit,8842,pfo,https://pubchem.ncbi.nlm.nih.gov/compound/8842
isopentyl acetate,IaA,31276,pfo,https://pubchem.ncbi.nlm.nih.gov/compound/31276
linalool,Lin,6549,pfo,https://pubchem.ncbi.nlm.nih.gov/compound/6549
acetic acid,aa,176,water,https://pubchem.ncbi.nlm.nih.gov/compound/176
benzaldehyde,benz,240,pfo,https://pubchem.ncbi.nlm.nih.gov/compound/240
ethyl butyrate,eb,7762,pfo,https://pubchem.ncbi.nlm.nih.gov/compound/7762
ethyl propionate,ep,7749,pfo,https://pubchem.ncbi.nlm.nih.gov/compound/7749
pentyl acetate,pa,12348,pfo,https://pubchem.ncbi.nlm.nih.gov/compound/12348
benzyl benzoate,bbenz,2345,pfo,https://pubchem.ncbi.nlm.nih.gov/compound/2345
beta-myrcene,B-myr,31253,pfo,https://pubchem.ncbi.nlm.nih.gov/compound/31253
(-)-alpha-pinene,-aPine,440968,pfo,https://pubchem.ncbi.nlm.nih.gov/compound/440968
1-propanol,1-prop,1031,water,https://pubchem.ncbi.nlm.nih.gov/compound/1031
longifolene,long,1796220,pfo,https://pubchem.ncbi.nlm.nih.gov/compound/1796220
(-)-beta-caryophyllene,-bCar,5281515,pfo,https://pubchem.ncbi.nlm.nih.gov/compound/5281515
eucalyptol,euc,2758,pfo,https://pubchem.ncbi.nlm.nih.gov/compound/2758
2-methylisoborneol,2-mib,11062802,water,https://pubchem.ncbi.nlm.nih.gov/compound/11062802
1-octen-3-one,1o3one,61346,pfo,https://pubchem.ncbi.nlm.nih.gov/compound/61346
cis-4-heptenal,Z4-7al,5362814,pfo,https://pubchem.ncbi.nlm.nih.gov/compound/5362814
1-penten-3-one,1p3one,15394,water,https://pubchem.ncbi.nlm.nih.gov/compound/15394
2-methylbutyl acetate,2-mba,12209,pfo,https://pubchem.ncbi.nlm.nih.gov/compound/12209
ethyl octanoate,EtOct,7799,pfo,https://pubchem.ncbi.nlm.nih.gov/compound/7799
geraniol,ger,637566,pfo,https://pubchem.ncbi.nlm.nih.gov/compound/637566
(+)-pulegone,+pul,442495,pfo,https://pubchem.ncbi.nlm.nih.gov/compound/442495
menthone,menth,6986,pfo,https://pubchem.ncbi.nlm.nih.gov/compound/6986
sabinene,sab,18818,pfo,https://pubchem.ncbi.nlm.nih.gov/compound/18818
guaiacol,guai,460,pfo,https://pubchem.ncbi.nlm.nih.gov/compound/460
methyl chavicol,mchav,8815,pfo,https://pubchem.ncbi.nlm.nih.gov/compound/8815
phenethylamine,PEA,1001,water,https://pubchem.ncbi.nlm.nih.gov/compound/1001
